,id,user,transaction type,category,amount,send to,withdraw from,deposit from,timestamp
0,0,0752215126,deposit,,14317.49,,,0774796872,2018-12-11 18:13:41
1,1,0773702333,withdraw,,6314909.62,,0785128460,,2019-02-14 00:10:03
2,2,0770122536,fees,,60918.57,,,,2018-11-02 10:49:55
3,3,0752221556,deposit,,73532.04,,,0770122536,2018-05-01 16:31:01
4,4,0770122536,withdraw,,212315.66,,0773315944,,2020-03-05 07:43:26
5,5,0752457103,send,,463835.8,0762910555,,,2018-08-13 16:27:05
6,6,0773315944,fees,,490266.23,,,,2019-11-15 00:55:23
7,7,0773315944,paybill,electricity,198265.65,,,,2019-04-10 00:54:43
8,8,0760497600,withdraw,,279910.5,,0752221556,,2019-03-28 23:27:28
9,9,0774892352,deposit,,37200.16,,,0777920039,2020-09-02 23:31:26
10,10,0766738417,deposit,,147638.92,,,0770593319,2020-09-26 04:34:53
11,11,0759263249,send,,734531.03,0777920039,,,2020-07-28 00:56:59
12,12,0773702333,paybill,electricity,48087.35,,,,2019-07-07 07:14:40
13,13,0777920039,fees,,128395.65,,,,2018-09-24 14:09:30
14,14,0789123135,buy,airtime,1132257.07,,,,2018-12-21 11:17:31
15,15,0777920039,withdraw,,850517.71,,0762910555,,2018-03-31 13:02:00
16,16,0774796872,paybill,donation,30923.82,,,,2019-01-09 14:27:16
17,17,0759263249,paybill,donation,186292.92,,,,2019-06-14 00:42:19
18,18,0773702333,buy,airtime,88810.8,,,,2018-11-07 11:18:49
19,19,0762910555,fees,,53911.69,,,,2019-11-30 01:58:34
20,20,0760497600,send,,116497.13,0762910555,,,2019-12-30 02:52:57
21,21,0752457103,buy,airtime,73987.25,,,,2019-09-06 16:31:06
22,22,0752221556,paybill,water,127953.42,,,,2019-07-19 15:58:55
23,23,0762958754,paybill,donation,103540.46,,,,2018-10-27 00:57:20
24,24,0780835457,deposit,,112921.61,,,0752221556,2020-05-09 08:25:59
25,25,0789123135,withdraw,,103474.15,,0773702333,,2019-03-10 05:07:32
26,26,0774892352,paybill,donation,5648608.0,,,,2018-11-06 04:36:13
27,27,0762910555,deposit,,86513.93,,,0759263249,2018-09-30 04:02:52
28,28,0752215126,withdraw,,181048.94,,0770122536,,2018-04-06 03:35:37
29,29,0752221556,withdraw,,210879.03,,0752221556,,2019-03-09 05:57:03
30,30,0774796872,buy,airtime,413982.27,,,,2018-09-17 02:00:42
31,31,0760497600,deposit,,450788.76,,,0752457103,2020-05-19 16:13:05
32,32,0777920039,deposit,,178362.86,,,0789123135,2020-09-30 10:14:14
33,33,0752613667,buy,airtime,255114.85,,,,2019-05-10 23:15:25
34,34,0789123135,buy,airtime,86484.14,,,,2019-03-27 16:32:49
35,35,0752215126,fees,,122450.93,,,,2019-02-13 09:30:56
36,36,0785128460,withdraw,,122628.74,,0774796872,,2019-05-19 00:05:20
37,37,0762910555,send,,47610.21,0766738417,,,2020-08-21 09:46:17
38,38,0759263249,send,,221564.76,0762958754,,,2018-11-01 13:56:49
39,39,0752457103,fees,,137034.98,,,,2019-06-10 13:35:31
40,40,0752457103,buy,data,149918.25,,,,2018-11-19 00:50:19
41,41,0773702333,fees,,85399.71,,,,2018-04-01 18:06:11
42,42,0762910555,fees,,743468.58,,,,2019-12-01 19:00:01
43,43,0785128460,buy,data,50867.36,,,,2020-04-05 00:29:30
44,44,0762958754,paybill,water,137242.42,,,,2018-12-14 05:53:27
45,45,0752457103,fees,,174301.62,,,,2019-05-06 18:09:29
46,46,0752221556,send,,234299.11,0780835457,,,2019-07-19 18:59:31
47,47,0770122536,send,,6784.68,0774796872,,,2020-08-12 12:10:42
48,48,0770593319,send,,69511.67,0762910555,,,2019-03-26 14:55:26
49,49,0760497600,send,,73573.88,0785128460,,,2018-03-17 09:28:39
50,50,0752221556,fees,,371897.58,,,,2018-12-14 01:43:28
51,51,0759263249,paybill,water,2468077.75,,,,2019-10-19 23:00:10
52,52,0766738417,withdraw,,93491.3,,0770593319,,2020-07-15 23:22:14
53,53,0773315944,withdraw,,81129.48,,0752457103,,2020-08-22 21:54:10
54,54,0785128460,withdraw,,2422720.27,,0766738417,,2020-05-27 11:17:57
55,55,0785128460,paybill,water,111688.42,,,,2019-07-30 01:44:52
56,56,0773315944,fees,,221091.12,,,,2018-10-01 08:35:04
57,57,0759263249,deposit,,536915.08,,,0752457103,2019-12-14 10:20:12
58,58,0766738417,buy,airtime,155980.78,,,,2019-06-18 23:44:24
59,59,0770593319,deposit,,84891.96,,,0752215126,2018-02-12 18:33:20
60,60,0760497600,paybill,tv,93004.63,,,,2020-03-09 04:56:51
61,61,0760497600,withdraw,,113822.11,,0789123135,,2020-05-21 10:22:08
62,62,0789123135,withdraw,,38286.54,,0752221556,,2018-11-24 23:11:56
63,63,0774892352,deposit,,406922.68,,,0773702333,2020-05-12 09:51:59
64,64,0752457103,send,,25578.96,0762910555,,,2019-11-14 06:53:21
65,65,0762958754,buy,data,34025.2,,,,2019-02-07 08:58:53
66,66,0777920039,buy,data,122065.83,,,,2018-09-16 17:35:54
67,67,0762910555,fees,,12101.8,,,,2018-03-23 10:28:34
68,68,0774892352,fees,,19451.68,,,,2019-05-20 06:36:47
69,69,0762958754,paybill,donation,120286.44,,,,2018-09-05 10:14:50
70,70,0774892352,send,,20958.95,0752221556,,,2018-04-05 16:47:29
71,71,0777920039,deposit,,70997.24,,,0777920039,2020-03-10 01:32:47
72,72,0762958754,paybill,electricity,160782.49,,,,2018-04-06 21:18:15
73,73,0752613667,fees,,124742.11,,,,2018-07-14 11:56:24
74,74,0770593319,paybill,tv,55613.66,,,,2020-08-03 17:08:21
75,75,0760497600,withdraw,,59167.9,,0773702333,,2019-12-22 20:02:52
76,76,0766738417,paybill,tv,171428.73,,,,2019-08-06 15:16:15
77,77,0770593319,send,,249302.92,0780835457,,,2020-03-16 04:31:47
78,78,0762958754,buy,airtime,62095.71,,,,2019-11-16 00:36:06
79,79,0774892352,buy,airtime,38887.22,,,,2019-09-09 14:09:55
80,80,0773315944,buy,airtime,22110.16,,,,2019-08-27 00:28:36
81,81,0762958754,paybill,tv,67697.48,,,,2020-09-29 15:04:20
82,82,0789123135,withdraw,,44697.21,,0752457103,,2019-07-13 23:24:34
83,83,0789123135,fees,,1355448.16,,,,2019-04-07 16:55:32
84,84,0774892352,paybill,donation,171786.72,,,,2019-08-20 05:17:16
85,85,0780835457,send,,203773.56,0773702333,,,2019-08-31 18:51:03
86,86,0762910555,buy,airtime,99922.35,,,,2018-12-05 09:26:39
87,87,0759263249,paybill,electricity,146350.79,,,,2020-01-18 03:37:13
88,88,0773702333,send,,199667.31,0752457103,,,2018-12-11 14:31:35
89,89,0780835457,buy,airtime,4222.54,,,,2018-12-22 12:45:03
90,90,0752613667,deposit,,301911.89,,,0789123135,2020-03-27 21:08:21
91,91,0759263249,send,,106619.08,0780835457,,,2020-08-09 22:45:45
92,92,0759263249,send,,1997026.46,0752221556,,,2019-04-26 00:48:09
93,93,0752221556,deposit,,69080.64,,,0759263249,2018-10-13 07:13:16
94,94,0752221556,deposit,,23385.67,,,0789123135,2019-11-09 22:32:53
95,95,0752215126,paybill,tv,52143.79,,,,2020-05-31 08:07:03
96,96,0785128460,send,,53969.38,0752215126,,,2019-10-29 11:06:45
97,97,0770593319,paybill,water,395053.67,,,,2018-03-26 06:42:58
98,98,0774892352,send,,93416.81,0773315944,,,2018-09-10 18:41:33
99,99,0766738417,paybill,water,121973.29,,,,2019-03-09 02:01:09
100,100,0785128460,withdraw,,41799.43,,0773702333,,2018-08-12 10:04:47
101,101,0770593319,buy,data,150800.43,,,,2020-01-26 13:29:16
102,102,0774892352,buy,airtime,1062368.19,,,,2019-02-13 16:16:37
103,103,0762910555,fees,,299468.85,,,,2018-05-01 19:16:55
104,104,0752215126,withdraw,,109901.7,,0773702333,,2020-06-25 09:00:42
105,105,0773702333,buy,airtime,64665.27,,,,2019-11-07 20:37:31
106,106,0773315944,send,,288164.16,0752457103,,,2020-10-22 15:28:26
107,107,0766738417,send,,1108284.85,0760497600,,,2018-11-16 00:15:09
108,108,0780835457,buy,data,17771.82,,,,2019-11-26 15:34:16
109,109,0774796872,paybill,tv,55653.92,,,,2020-02-10 03:29:42
110,110,0780835457,paybill,donation,109110.65,,,,2018-08-06 11:05:27
111,111,0774892352,deposit,,114138.88,,,0766738417,2020-09-17 17:29:25
112,112,0770593319,fees,,678547.04,,,,2018-03-26 16:12:51
113,113,0762958754,withdraw,,44706.13,,0774796872,,2020-06-10 06:12:28
114,114,0770593319,withdraw,,232188.15,,0752613667,,2020-08-26 22:37:45
115,115,0785128460,buy,airtime,423424.22,,,,2020-09-12 19:40:34
116,116,0774892352,buy,data,87867.09,,,,2020-01-29 13:25:55
117,117,0774796872,fees,,7865.9,,,,2018-06-21 22:21:23
118,118,0770593319,deposit,,43028.66,,,0762958754,2019-06-12 16:18:59
119,119,0774796872,paybill,tv,53869.93,,,,2019-05-06 07:26:41
120,120,0766738417,fees,,45863.64,,,,2018-06-01 09:15:02
121,121,0773315944,withdraw,,103045.11,,0770593319,,2019-06-05 07:17:07
122,122,0777920039,withdraw,,192086.44,,0762958754,,2019-04-22 18:59:08
123,123,0760497600,deposit,,44601.5,,,0785128460,2018-05-06 10:16:21
124,124,0789123135,fees,,32503.17,,,,2019-06-18 14:07:53
125,125,0752457103,paybill,donation,112416.03,,,,2018-08-06 04:12:07
126,126,0760497600,deposit,,78596.26,,,0774892352,2020-03-23 13:15:42
127,127,0752215126,send,,150597.67,0762910555,,,2019-09-19 12:49:54
128,128,0770122536,send,,12422887.62,0759263249,,,2020-01-04 03:25:56
129,129,0752457103,withdraw,,120008.88,,0760497600,,2019-11-21 13:20:16
130,130,0752613667,withdraw,,1131891.05,,0785128460,,2018-05-10 08:22:53
131,131,0770593319,deposit,,82683.01,,,0774796872,2018-03-13 22:23:41
132,132,0762910555,withdraw,,83600.27,,0773702333,,2019-10-17 05:58:22
133,133,0766738417,buy,data,94379.46,,,,2019-09-04 13:34:54
134,134,0752613667,buy,airtime,102179.57,,,,2020-09-27 23:39:38
135,135,0773315944,paybill,donation,11057.04,,,,2019-09-01 19:57:56
136,136,0770122536,deposit,,6979.39,,,0752221556,2019-08-02 19:20:56
137,137,0766738417,withdraw,,97820.01,,0770593319,,2018-03-05 10:50:34
138,138,0774892352,send,,25605.16,0774796872,,,2020-09-01 06:46:19
139,139,0759263249,buy,data,214095.09,,,,2020-02-04 19:37:46
140,140,0774796872,send,,26311.76,0752457103,,,2019-10-19 04:33:45
141,141,0773702333,fees,,35018.14,,,,2018-06-20 23:52:43
142,142,0774892352,send,,41045.13,0773702333,,,2018-06-27 19:22:02
143,143,0752215126,withdraw,,111106.86,,0773702333,,2019-06-16 13:59:32
144,144,0770122536,send,,51604.77,0759263249,,,2019-02-17 00:09:53
145,145,0777920039,buy,airtime,305807.42,,,,2018-09-17 05:08:14
146,146,0766738417,send,,352517.44,0777920039,,,2020-09-29 07:33:00
147,147,0773315944,fees,,28485.32,,,,2019-01-19 02:57:03
148,148,0789123135,paybill,tv,89106.15,,,,2018-05-04 11:11:43
149,149,0752221556,buy,data,109790.15,,,,2018-11-03 07:17:27
150,150,0752221556,deposit,,1463384.15,,,0762910555,2019-07-22 00:25:19
151,151,0752613667,fees,,219424.02,,,,2019-08-18 01:01:43
152,152,0789123135,withdraw,,153321.76,,0770593319,,2019-04-16 09:15:41
153,153,0770122536,withdraw,,455795.75,,0777920039,,2019-07-03 09:45:55
154,154,0762958754,send,,157383.79,0752457103,,,2019-05-24 06:26:09
155,155,0773702333,deposit,,2551.09,,,0774892352,2020-05-16 20:23:07
156,156,0752613667,buy,data,35761.16,,,,2018-08-01 14:22:09
157,157,0762910555,buy,airtime,44441.88,,,,2020-08-19 17:34:21
158,158,0770122536,withdraw,,75172.79,,0752457103,,2018-07-08 15:06:14
159,159,0762958754,fees,,56073.6,,,,2019-12-22 18:32:07
160,160,0762958754,send,,56158.79,0752215126,,,2018-11-15 11:39:31
161,161,0752613667,withdraw,,642723.5,,0759263249,,2018-07-17 13:18:37
162,162,0760497600,paybill,tv,16730.84,,,,2020-06-18 11:09:52
163,163,0770593319,fees,,255988.44,,,,2018-11-29 15:54:33
164,164,0777920039,withdraw,,95688.09,,0760497600,,2019-02-02 21:48:58
165,165,0762958754,send,,18949.1,0773702333,,,2019-07-23 06:48:52
166,166,0774796872,deposit,,42523.51,,,0752221556,2019-10-14 05:11:21
167,167,0752457103,fees,,225804.84,,,,2020-05-02 13:21:58
168,168,0780835457,paybill,donation,18548.9,,,,2018-05-14 14:52:13
169,169,0777920039,withdraw,,52552.29,,0770122536,,2018-03-22 02:54:18
170,170,0752457103,paybill,tv,6825.87,,,,2019-04-19 03:50:15
171,171,0766738417,send,,102260.85,0752221556,,,2018-12-21 22:38:46
172,172,0770593319,deposit,,47061.94,,,0780835457,2019-11-16 18:41:55
173,173,0780835457,paybill,electricity,256246.38,,,,2020-05-19 04:35:24
174,174,0770593319,paybill,tv,111997.98,,,,2019-09-08 00:17:41
175,175,0752221556,send,,62548.62,0789123135,,,2018-05-18 00:27:05
176,176,0752221556,fees,,5370.27,,,,2018-11-09 07:35:55
177,177,0752457103,buy,airtime,9194.85,,,,2020-05-23 15:35:39
178,178,0773315944,deposit,,196961.17,,,0762910555,2020-07-05 06:28:55
179,179,0774892352,send,,49932.3,0780835457,,,2020-01-05 02:31:34
180,180,0773702333,paybill,water,71483.42,,,,2018-04-03 23:28:05
181,181,0773315944,deposit,,53027.13,,,0777920039,2018-10-25 13:32:06
182,182,0752221556,send,,28914.21,0770122536,,,2018-11-03 04:04:53
183,183,0752215126,buy,data,205150.46,,,,2020-03-23 20:18:08
184,184,0762958754,fees,,449.57,,,,2019-02-01 06:15:46
185,185,0774892352,deposit,,160084.21,,,0752613667,2018-10-23 21:57:06
186,186,0774796872,paybill,tv,133606.42,,,,2020-06-18 11:03:21
187,187,0762958754,buy,airtime,273826.49,,,,2019-11-28 09:00:57
188,188,0774892352,deposit,,89691.12,,,0752457103,2019-05-07 04:06:08
189,189,0752457103,paybill,tv,445810.22,,,,2019-01-07 02:20:46
190,190,0780835457,deposit,,58744.97,,,0785128460,2019-01-22 11:12:03
191,191,0752215126,send,,242307.63,0762958754,,,2019-07-12 02:38:14
192,192,0770593319,withdraw,,483904.19,,0774796872,,2018-06-20 06:21:09
193,193,0760497600,send,,1093477.83,0766738417,,,2018-12-29 07:07:57
194,194,0770122536,send,,54587.13,0752457103,,,2018-03-01 14:26:03
195,195,0762958754,fees,,84882.71,,,,2019-06-24 14:39:36
196,196,0752215126,send,,128141.32,0773702333,,,2020-02-29 16:13:34
197,197,0770593319,withdraw,,60480.09,,0752613667,,2019-11-07 05:36:15
198,198,0752221556,deposit,,336833.05,,,0785128460,2019-01-01 06:52:24
199,199,0770593319,withdraw,,108403.77,,0752613667,,2019-01-12 19:04:08
200,200,0789123135,withdraw,,37920.56,,0774796872,,2019-10-28 16:55:30
201,201,0773315944,fees,,47320.96,,,,2020-02-14 19:14:27
202,202,0777920039,paybill,electricity,107017.19,,,,2018-05-14 06:23:28
203,203,0752221556,withdraw,,91033.72,,0774796872,,2019-10-15 07:32:07
204,204,0762958754,paybill,tv,126790.61,,,,2020-05-31 12:41:44
205,205,0752613667,send,,100473.03,0752221556,,,2020-10-04 04:36:05
206,206,0780835457,fees,,184962.39,,,,2019-04-30 11:52:00
207,207,0774892352,deposit,,289166.99,,,0773702333,2020-01-28 13:43:34
208,208,0773702333,fees,,77942.72,,,,2018-10-19 16:46:22
209,209,0752613667,fees,,12989.86,,,,2018-03-03 10:27:08
210,210,0773315944,paybill,water,35749.41,,,,2019-08-09 08:08:07
211,211,0785128460,buy,airtime,48393.07,,,,2020-08-19 16:17:10
212,212,0752457103,deposit,,112949.03,,,0789123135,2018-12-24 03:49:40
213,213,0773315944,buy,airtime,28760.12,,,,2019-08-25 01:25:16
214,214,0770593319,paybill,tv,189181.09,,,,2020-05-04 20:56:35
215,215,0785128460,withdraw,,30139.79,,0770122536,,2019-10-22 16:59:44
216,216,0770593319,deposit,,113607.32,,,0780835457,2018-05-11 03:52:19
217,217,0752215126,paybill,electricity,32036.23,,,,2018-06-09 08:38:16
218,218,0770593319,withdraw,,96135.71,,0785128460,,2019-05-09 23:46:22
219,219,0774892352,fees,,3481.89,,,,2019-08-30 12:39:40
220,220,0766738417,deposit,,34455.67,,,0773315944,2019-09-02 19:51:42
221,221,0785128460,fees,,59790.16,,,,2019-04-20 02:39:12
222,222,0752613667,send,,11323.81,0770122536,,,2019-12-30 18:15:58
223,223,0785128460,paybill,electricity,33105.25,,,,2020-01-28 13:25:40
224,224,0762958754,withdraw,,59436.09,,0752613667,,2018-09-01 19:06:58
225,225,0752457103,buy,airtime,1352712.48,,,,2018-07-01 21:48:21
226,226,0770122536,fees,,1170236.93,,,,2018-04-13 20:06:26
227,227,0770122536,buy,data,144098.17,,,,2019-09-22 06:08:09
228,228,0770122536,buy,data,117512.2,,,,2020-07-17 07:21:53
229,229,0752221556,paybill,water,13594.75,,,,2020-02-20 03:02:39
230,230,0774796872,deposit,,78285.05,,,0762910555,2018-06-13 01:43:52
231,231,0789123135,withdraw,,56259.94,,0762958754,,2020-04-15 13:59:24
232,232,0774892352,withdraw,,82246.91,,0766738417,,2018-09-18 16:01:52
233,233,0780835457,withdraw,,8035.62,,0752457103,,2019-07-13 18:21:50
234,234,0774796872,fees,,5640.94,,,,2020-05-07 11:38:46
235,235,0777920039,fees,,71185.4,,,,2019-06-17 14:28:32
236,236,0752215126,buy,data,152930.52,,,,2019-08-14 05:05:05
237,237,0762958754,deposit,,43041.04,,,0752221556,2018-03-24 03:37:25
238,238,0759263249,send,,34908.59,0780835457,,,2019-05-13 00:55:04
239,239,0777920039,send,,51166.05,0752215126,,,2018-05-31 16:23:42
240,240,0770593319,paybill,electricity,6388.86,,,,2018-09-15 00:04:28
241,241,0752457103,paybill,donation,1322899.2,,,,2019-10-02 05:56:39
242,242,0762910555,paybill,water,22095.28,,,,2018-08-12 19:05:59
243,243,0752215126,send,,274311.69,0789123135,,,2018-07-21 17:02:19
244,244,0760497600,withdraw,,280905.78,,0762958754,,2020-06-15 08:59:10
245,245,0770593319,send,,280387.94,0762958754,,,2018-04-25 13:25:06
246,246,0766738417,send,,116440.49,0770593319,,,2019-03-14 12:27:58
247,247,0770593319,fees,,111856.28,,,,2018-06-26 07:33:19
248,248,0773315944,deposit,,4411396.8,,,0752221556,2019-09-30 23:37:54
249,249,0773315944,buy,airtime,98332.86,,,,2019-01-18 06:28:58
250,250,0770122536,deposit,,120249.11,,,0762958754,2020-06-23 03:46:08
251,251,0752613667,deposit,,107687.33,,,0777920039,2018-11-28 13:47:29
252,252,0777920039,fees,,724053.28,,,,2018-03-27 07:04:02
253,253,0777920039,fees,,177403.93,,,,2018-04-21 08:29:14
254,254,0762958754,deposit,,3610.21,,,0752215126,2019-12-06 17:31:44
255,255,0762910555,send,,9749.47,0780835457,,,2018-11-03 07:48:42
256,256,0759263249,send,,62802.53,0780835457,,,2020-02-01 20:18:30
257,257,0762910555,send,,92190.65,0789123135,,,2020-05-07 15:11:54
258,258,0760497600,buy,airtime,126160.9,,,,2018-07-24 03:44:18
259,259,0773315944,paybill,donation,3145.3,,,,2020-08-06 12:49:27
260,260,0762910555,fees,,13464.75,,,,2020-10-02 04:08:27
261,261,0773702333,buy,data,135356.23,,,,2018-03-18 05:37:34
262,262,0770122536,buy,airtime,51644.32,,,,2018-05-03 15:47:51
263,263,0759263249,send,,13299.84,0774892352,,,2018-06-18 03:42:27
264,264,0770122536,deposit,,35076.34,,,0777920039,2019-11-09 14:05:05
265,265,0785128460,send,,38752.71,0752457103,,,2018-02-05 05:14:36
266,266,0762958754,buy,data,46352.9,,,,2019-09-02 22:58:13
267,267,0759263249,send,,93775.79,0752613667,,,2019-10-30 02:58:59
268,268,0777920039,buy,airtime,70711.36,,,,2020-02-18 00:25:01
269,269,0762958754,deposit,,246441.78,,,0759263249,2019-08-09 11:41:48
270,270,0752221556,paybill,donation,188484.06,,,,2019-12-21 20:22:48
271,271,0773702333,paybill,electricity,89757.28,,,,2019-12-14 20:22:47
272,272,0762958754,buy,data,1284137.0,,,,2018-10-13 07:36:48
273,273,0766738417,fees,,84198.55,,,,2020-08-14 11:10:18
274,274,0752215126,paybill,tv,689110.4,,,,2020-01-01 08:55:03
275,275,0752215126,send,,488839.87,0766738417,,,2020-06-19 12:30:10
276,276,0752221556,fees,,49808.71,,,,2019-08-02 13:49:54
277,277,0752221556,paybill,tv,118810.74,,,,2020-05-08 17:22:12
278,278,0762958754,deposit,,94731.86,,,0752457103,2019-08-21 15:16:47
279,279,0762910555,fees,,91377.94,,,,2019-02-10 23:23:07
280,280,0752457103,deposit,,40241.87,,,0774892352,2020-10-28 11:44:28
281,281,0789123135,send,,87553.9,0780835457,,,2019-08-09 10:03:08
282,282,0752613667,paybill,water,94840.11,,,,2019-07-30 07:36:59
283,283,0762958754,withdraw,,46012.28,,0770593319,,2018-04-15 15:00:34
284,284,0752221556,paybill,water,44152.1,,,,2019-08-27 00:11:16
285,285,0766738417,paybill,electricity,54176.18,,,,2020-01-18 06:48:51
286,286,0762910555,paybill,water,162488.8,,,,2018-03-11 02:41:51
287,287,0780835457,paybill,donation,386782.58,,,,2019-03-28 12:16:43
288,288,0762958754,deposit,,48816.98,,,0759263249,2018-02-27 03:30:52
289,289,0774892352,buy,airtime,27892.98,,,,2020-06-15 14:55:05
290,290,0773702333,paybill,tv,39612.71,,,,2019-08-22 07:32:24
291,291,0773315944,deposit,,136553.9,,,0762910555,2018-04-26 19:03:18
292,292,0773702333,send,,63360.48,0752215126,,,2020-04-08 01:40:45
293,293,0770593319,withdraw,,401111.15,,0752613667,,2019-12-10 00:36:52
294,294,0752457103,deposit,,256607.04,,,0752613667,2020-02-11 22:17:33
295,295,0773702333,buy,airtime,90884.17,,,,2019-05-24 21:26:56
296,296,0759263249,buy,data,199365.35,,,,2019-02-02 11:28:28
297,297,0766738417,send,,53637.23,0770593319,,,2020-03-21 20:11:12
298,298,0773702333,send,,98103.22,0752457103,,,2020-03-05 03:10:44
299,299,0777920039,withdraw,,32647.07,,0752221556,,2018-09-29 04:20:42
300,300,0762958754,deposit,,942334.08,,,0760497600,2020-07-05 09:52:44
301,301,0762910555,paybill,water,67810.57,,,,2020-04-22 02:54:38
302,302,0777920039,withdraw,,417986.49,,0766738417,,2018-09-09 18:17:04
303,303,0762958754,send,,165476.84,0752457103,,,2020-02-05 07:37:50
304,304,0777920039,withdraw,,77183.71,,0785128460,,2020-07-04 19:06:30
305,305,0752221556,withdraw,,222145.69,,0759263249,,2019-09-28 12:47:18
306,306,0777920039,fees,,83571.67,,,,2020-02-27 21:13:38
307,307,0774796872,buy,data,43162.95,,,,2019-07-07 01:17:07
308,308,0773315944,fees,,177861.49,,,,2019-02-11 13:58:21
309,309,0770122536,send,,1134971.73,0752215126,,,2018-08-19 04:38:36
310,310,0760497600,buy,data,82572.72,,,,2020-04-12 22:41:10
311,311,0752215126,withdraw,,95476.41,,0770122536,,2018-02-15 13:02:20
312,312,0789123135,paybill,electricity,70533.56,,,,2019-08-10 16:08:14
313,313,0780835457,paybill,donation,79171.33,,,,2019-02-08 18:15:44
314,314,0762910555,deposit,,146231.27,,,0762958754,2019-12-29 00:53:03
315,315,0773315944,paybill,electricity,160383.39,,,,2020-08-27 09:23:58
316,316,0770593319,paybill,electricity,104165.49,,,,2020-10-04 17:52:07
317,317,0752457103,deposit,,114268.16,,,0752215126,2018-06-12 07:37:17
318,318,0770593319,deposit,,795091.13,,,0773702333,2020-01-20 08:10:27
319,319,0777920039,paybill,tv,6801.26,,,,2020-02-05 06:27:01
320,320,0752457103,paybill,water,175279.33,,,,2019-10-20 13:41:07
321,321,0766738417,buy,airtime,24055.21,,,,2018-05-31 01:18:26
322,322,0785128460,send,,244576.54,0766738417,,,2019-07-22 11:07:17
323,323,0780835457,withdraw,,39865.8,,0760497600,,2018-12-13 19:11:02
324,324,0752613667,withdraw,,19768.51,,0762958754,,2019-12-12 11:21:41
325,325,0752613667,send,,144071.82,0762958754,,,2019-08-18 14:28:54
326,326,0762958754,send,,622184.23,0789123135,,,2019-10-21 18:05:54
327,327,0752457103,send,,42939.01,0773702333,,,2019-11-30 17:27:41
328,328,0762958754,fees,,5896.1,,,,2020-05-17 18:58:00
329,329,0752215126,deposit,,180422.74,,,0780835457,2019-06-21 02:41:21
330,330,0770593319,fees,,203597.75,,,,2019-06-21 19:50:46
331,331,0752221556,withdraw,,56997.25,,0780835457,,2018-07-21 17:13:05
332,332,0785128460,fees,,207866.02,,,,2020-03-19 20:46:46
333,333,0752457103,paybill,donation,286312.09,,,,2019-06-27 10:41:17
334,334,0785128460,buy,airtime,54797.2,,,,2019-04-02 17:39:18
335,335,0789123135,send,,49165.98,0770122536,,,2019-07-18 13:48:30
336,336,0773702333,send,,180982.65,0770593319,,,2020-08-01 19:17:00
337,337,0773315944,deposit,,54439.08,,,0762910555,2020-03-24 11:23:29
338,338,0780835457,fees,,127585.07,,,,2020-07-15 23:02:04
339,339,0789123135,fees,,323575.91,,,,2019-12-29 04:45:45
340,340,0774796872,deposit,,6599245.77,,,0752221556,2018-12-26 12:08:13
341,341,0780835457,deposit,,66438.48,,,0752215126,2019-12-31 07:44:04
342,342,0752221556,withdraw,,893442.19,,0752221556,,2018-06-20 22:05:48
343,343,0770122536,fees,,93463.76,,,,2020-04-07 16:45:54
344,344,0752221556,paybill,electricity,51258.59,,,,2020-07-29 14:51:29
345,345,0774892352,buy,airtime,36034.11,,,,2020-09-02 05:52:08
346,346,0774796872,send,,113169.03,0780835457,,,2020-10-04 08:57:15
347,347,0777920039,deposit,,79163.86,,,0752613667,2020-09-17 23:12:42
348,348,0780835457,deposit,,40847.6,,,0759263249,2019-04-13 06:59:55
349,349,0774796872,send,,528362.37,0777920039,,,2020-09-07 09:47:40
350,350,0780835457,paybill,electricity,261678.61,,,,2019-06-22 17:22:05
351,351,0752457103,buy,airtime,2478069.34,,,,2018-09-11 04:04:06
352,352,0752215126,withdraw,,40590.83,,0773315944,,2018-04-04 07:15:17
353,353,0773702333,fees,,102265.51,,,,2019-01-12 20:17:40
354,354,0774796872,send,,3112904.56,0780835457,,,2020-01-03 10:14:14
355,355,0752215126,paybill,donation,2537760.79,,,,2019-11-20 14:47:03
356,356,0773702333,fees,,62278.58,,,,2020-01-10 04:56:47
357,357,0752215126,buy,airtime,41765.77,,,,2019-03-27 16:43:12
358,358,0789123135,paybill,water,210788.26,,,,2019-07-26 06:16:23
359,359,0752613667,send,,168077.24,0762910555,,,2018-09-07 04:15:44
360,360,0770122536,buy,data,26696.66,,,,2018-07-04 08:51:26
361,361,0789123135,send,,31947.92,0770593319,,,2019-07-01 23:56:38
362,362,0770593319,buy,data,147013.09,,,,2019-03-04 19:41:44
363,363,0773702333,deposit,,945886.25,,,0770593319,2019-09-30 03:29:14
364,364,0777920039,fees,,117530.11,,,,2020-05-29 09:20:48
365,365,0760497600,paybill,donation,181159.84,,,,2018-10-31 09:51:06
366,366,0780835457,fees,,531738.69,,,,2018-02-05 07:46:57
367,367,0752457103,withdraw,,133229.81,,0762910555,,2018-01-26 15:20:34
368,368,0774892352,send,,87635.36,0774892352,,,2018-06-09 18:44:28
369,369,0762910555,paybill,electricity,27468.06,,,,2018-11-02 03:15:04
370,370,0760497600,deposit,,93303.43,,,0752457103,2019-06-30 22:40:47
371,371,0770593319,fees,,276115.55,,,,2018-03-03 03:52:57
372,372,0780835457,withdraw,,404318.04,,0785128460,,2018-02-08 15:21:31
373,373,0752221556,deposit,,35949.1,,,0773315944,2019-02-03 00:20:56
374,374,0762910555,deposit,,382960.89,,,0773702333,2019-06-06 01:11:51
375,375,0777920039,send,,35355.17,0752457103,,,2019-07-02 13:04:54
376,376,0777920039,fees,,208013.53,,,,2018-11-13 23:39:13
377,377,0762910555,withdraw,,121615.81,,0777920039,,2018-02-09 08:02:07
378,378,0762958754,deposit,,32367.98,,,0770122536,2019-09-01 09:02:22
379,379,0770122536,paybill,water,55523.95,,,,2018-07-30 07:16:45
380,380,0780835457,send,,324710.93,0766738417,,,2018-11-16 21:18:06
381,381,0770593319,paybill,donation,241145.17,,,,2018-12-03 12:39:09
382,382,0760497600,withdraw,,137255.72,,0766738417,,2020-07-11 20:05:38
383,383,0773315944,send,,7187.62,0773315944,,,2018-09-17 21:37:29
384,384,0774892352,fees,,106142.23,,,,2018-06-27 10:22:20
385,385,0760497600,deposit,,24333.56,,,0777920039,2018-06-20 10:05:49
386,386,0785128460,buy,data,67257.03,,,,2019-02-15 12:38:24
387,387,0770593319,deposit,,255774.21,,,0770593319,2018-07-11 21:07:21
388,388,0752613667,send,,81593.36,0766738417,,,2020-09-12 19:14:23
389,389,0752457103,buy,airtime,58723.25,,,,2020-08-16 14:13:48
390,390,0770122536,send,,85021.2,0759263249,,,2018-05-08 07:54:25
391,391,0752457103,deposit,,152695.45,,,0773702333,2018-12-11 02:19:11
392,392,0766738417,send,,39601.7,0752215126,,,2019-06-05 05:34:32
393,393,0770593319,fees,,70449.87,,,,2018-12-04 02:11:39
394,394,0774796872,buy,airtime,15397.92,,,,2020-10-04 21:48:19
395,395,0789123135,withdraw,,89515.16,,0789123135,,2018-07-10 12:06:45
396,396,0766738417,paybill,water,142441.14,,,,2018-07-02 01:03:47
397,397,0770593319,paybill,electricity,3886750.33,,,,2019-07-26 01:42:13
398,398,0773702333,paybill,water,73202.84,,,,2019-11-03 01:49:35
399,399,0773702333,withdraw,,208732.45,,0785128460,,2020-03-03 18:32:49
400,400,0789123135,withdraw,,98354.81,,0762910555,,2020-01-08 00:58:58
401,401,0766738417,send,,140739.49,0770593319,,,2018-04-25 15:40:20
402,402,0759263249,fees,,126306.98,,,,2018-02-08 20:23:46
403,403,0752457103,buy,data,132380.81,,,,2020-08-02 13:26:46
404,404,0762910555,send,,35752.71,0770593319,,,2018-05-05 01:10:51
405,405,0777920039,fees,,3644.0,,,,2019-04-28 12:02:16
406,406,0774892352,deposit,,56963.06,,,0752215126,2018-08-27 10:03:44
407,407,0777920039,deposit,,90764.58,,,0773315944,2019-02-12 05:52:37
408,408,0759263249,fees,,92549.56,,,,2020-09-08 07:16:00
409,409,0770122536,fees,,91769.37,,,,2018-02-27 14:28:38
410,410,0762910555,fees,,132186.58,,,,2019-02-12 00:22:08
411,411,0752221556,paybill,water,88288.0,,,,2020-08-24 08:42:26
412,412,0773315944,deposit,,1425563.12,,,0752215126,2020-10-08 05:24:33
413,413,0762958754,deposit,,77160.34,,,0759263249,2019-07-03 05:29:53
414,414,0752215126,withdraw,,132722.18,,0773702333,,2018-08-03 01:16:44
415,415,0789123135,buy,data,123899.18,,,,2018-07-20 14:08:06
416,416,0752457103,fees,,96791.89,,,,2020-06-02 22:06:03
417,417,0774796872,withdraw,,17929.45,,0777920039,,2018-12-12 18:02:42
418,418,0759263249,fees,,184451.7,,,,2020-04-25 22:02:06
419,419,0777920039,send,,126128.91,0760497600,,,2019-01-10 10:14:34
420,420,0766738417,fees,,8516.18,,,,2019-07-18 13:53:44
421,421,0774796872,send,,152202.87,0760497600,,,2019-06-08 14:24:05
422,422,0770593319,deposit,,141375.41,,,0752457103,2020-04-28 14:18:47
423,423,0752221556,deposit,,100909.18,,,0770593319,2018-12-15 23:12:43
424,424,0777920039,paybill,donation,37054.85,,,,2019-09-16 05:22:17
425,425,0785128460,paybill,water,104226.98,,,,2018-04-03 14:56:01
426,426,0752613667,paybill,tv,22829.69,,,,2019-06-19 14:09:34
427,427,0770593319,buy,data,4502.02,,,,2019-07-29 02:18:50
428,428,0752221556,send,,101676.25,0774892352,,,2019-04-25 12:55:06
429,429,0752457103,send,,75936.91,0752613667,,,2019-10-08 15:14:33
430,430,0773702333,fees,,110693.66,,,,2020-03-25 20:40:52
431,431,0774892352,paybill,tv,555658.24,,,,2019-10-08 13:17:46
432,432,0773702333,deposit,,190245.09,,,0785128460,2018-10-17 01:02:18
433,433,0760497600,buy,airtime,77912.41,,,,2018-09-15 08:04:25
434,434,0785128460,fees,,91.55,,,,2018-04-10 03:16:56
435,435,0789123135,buy,data,278982.0,,,,2019-08-18 09:24:45
436,436,0770593319,send,,84906.25,0752221556,,,2019-04-22 01:10:19
437,437,0752613667,withdraw,,132065.42,,0777920039,,2018-05-03 03:15:51
438,438,0752457103,deposit,,38108.08,,,0773702333,2018-11-28 06:27:23
439,439,0752613667,paybill,donation,92909.43,,,,2020-01-23 07:30:51
440,440,0789123135,withdraw,,93241.6,,0770593319,,2019-09-17 21:13:11
441,441,0762910555,withdraw,,67335.11,,0773702333,,2019-03-11 18:04:41
442,442,0752457103,withdraw,,31319.18,,0777920039,,2018-06-04 03:51:31
443,443,0780835457,paybill,water,9575.95,,,,2019-06-20 00:20:47
444,444,0752215126,send,,2598625.77,0766738417,,,2020-06-16 22:48:15
445,445,0785128460,fees,,6035.95,,,,2019-04-16 13:37:00
446,446,0752215126,buy,airtime,266129.48,,,,2020-03-08 13:44:21
447,447,0752221556,buy,data,46313.97,,,,2019-09-14 12:38:05
448,448,0774892352,buy,data,159543.67,,,,2018-04-15 01:53:08
449,449,0774796872,fees,,149571.79,,,,2018-12-05 12:49:00
450,450,0774796872,paybill,tv,229349.47,,,,2018-09-02 14:44:58
451,451,0752457103,fees,,76224.96,,,,2018-03-23 08:07:12
452,452,0785128460,send,,99495.3,0770122536,,,2019-06-24 00:31:22
453,453,0773315944,paybill,water,6511.48,,,,2020-07-06 17:51:15
454,454,0770593319,fees,,116147.0,,,,2019-07-04 10:23:22
455,455,0770122536,withdraw,,93298.81,,0762958754,,2019-08-11 20:18:02
456,456,0770122536,buy,airtime,225560.38,,,,2019-12-16 06:29:40
457,457,0770593319,paybill,tv,2861.82,,,,2020-01-29 10:03:01
458,458,0785128460,deposit,,854444.12,,,0785128460,2020-04-03 08:27:52
459,459,0760497600,fees,,65538.74,,,,2019-06-27 08:49:56
460,460,0759263249,buy,airtime,729013.95,,,,2019-05-01 06:18:05
461,461,0752215126,deposit,,306139.2,,,0780835457,2020-01-12 18:29:22
462,462,0766738417,paybill,water,117818.9,,,,2019-03-17 07:06:36
463,463,0752457103,withdraw,,3988185.62,,0774892352,,2020-05-08 06:01:28
464,464,0777920039,withdraw,,30721.78,,0773702333,,2018-01-24 02:38:25
465,465,0752215126,paybill,water,118307.76,,,,2019-10-31 12:05:25
466,466,0770122536,paybill,tv,16962.67,,,,2020-01-20 14:43:47
467,467,0777920039,paybill,electricity,101316.24,,,,2019-08-14 00:14:17
468,468,0752221556,paybill,tv,850.3,,,,2020-06-23 13:09:38
469,469,0774796872,send,,58020.56,0752215126,,,2020-09-02 10:42:11
470,470,0759263249,fees,,26783.73,,,,2019-11-21 10:04:27
471,471,0777920039,withdraw,,207722.43,,0752221556,,2019-05-04 00:19:43
472,472,0752215126,paybill,donation,75785.7,,,,2019-02-21 00:10:27
473,473,0789123135,withdraw,,346120.4,,0759263249,,2018-04-26 03:25:45
474,474,0785128460,deposit,,67305.72,,,0760497600,2019-01-14 14:41:20
475,475,0770122536,withdraw,,63501.16,,0752221556,,2020-04-04 19:27:22
476,476,0766738417,send,,126497.08,0774892352,,,2018-04-02 07:33:32
477,477,0752457103,deposit,,12787.95,,,0770593319,2020-08-08 22:47:34
478,478,0774796872,withdraw,,136320.28,,0785128460,,2020-05-15 08:05:46
479,479,0752613667,fees,,13137.75,,,,2018-04-03 18:27:50
480,480,0774892352,withdraw,,99965.8,,0752457103,,2018-03-06 03:26:25
481,481,0773702333,send,,88747.97,0789123135,,,2018-05-10 01:15:36
482,482,0780835457,send,,50099.83,0760497600,,,2020-08-10 11:31:09
483,483,0773315944,withdraw,,130263.86,,0777920039,,2019-04-14 23:06:10
484,484,0752215126,fees,,269602.06,,,,2018-03-07 08:37:20
485,485,0762958754,paybill,electricity,3978.66,,,,2019-08-17 20:02:33
486,486,0762910555,withdraw,,523081.22,,0762958754,,2020-06-19 17:27:18
487,487,0752215126,withdraw,,77071.72,,0760497600,,2019-09-06 09:54:09
488,488,0762958754,send,,55653.48,0774892352,,,2019-03-20 12:37:15
489,489,0777920039,fees,,792267.91,,,,2020-10-20 20:51:11
490,490,0752215126,send,,259444.98,0770122536,,,2019-03-07 04:16:59
491,491,0780835457,deposit,,103238.94,,,0770122536,2020-08-06 00:04:15
492,492,0762958754,buy,data,56510.14,,,,2019-04-09 03:15:49
493,493,0774796872,send,,573918.23,0770122536,,,2019-03-13 14:33:19
494,494,0752221556,buy,data,199102.76,,,,2019-01-11 20:43:00
495,495,0762910555,fees,,153477.06,,,,2020-06-18 10:30:16
496,496,0780835457,deposit,,110564.62,,,0762958754,2019-08-31 02:00:17
497,497,0766738417,buy,data,2917326.23,,,,2019-04-15 08:50:47
498,498,0780835457,withdraw,,32672.72,,0762958754,,2020-08-02 16:37:06
499,499,0759263249,withdraw,,132796.59,,0777920039,,2020-02-12 18:36:17
